timestamp,fecha_hora,archivo_csv,muestras_solicitadas,muestras_extraidas,total_lineas,tiempo_total_seg,tiempo_total_min,tiempo_lectura_ca,tiempo_lectura_zh,tiempo_creacion_csv,linea_min,linea_max,eficiencia_pct,seed_usado,lineas_previas_en_record,lineas_nuevas_a√±adidas,metodo_usado
1752583113.185661,2025-07-15 14:38:33,muestra_traducciones_10000.csv,10000,9826,96000000,6.5,0.11,2.05,4.02,0.19,5395,95994066,98.3,,0,9826,indice
1752586194.821081,2025-07-15 15:29:54,muestra_traducciones_10000.csv,10000,9779,96000000,8.35,0.14,2.44,5.53,0.16,2427,95993193,97.8,,9826,9779,indice
1752588623.672794,2025-07-15 16:10:23,muestra_traducciones_10000.csv,10000,9826,96000000,5.26,0.09,1.9,2.91,0.18,11463,95989726,98.3,,19605,9826,indice
1752591247.437352,2025-07-15 16:54:07,muestra_traducciones_10000.csv,10000,9835,96000000,5.01,0.08,1.92,2.74,0.11,1353,95989552,98.4,,29431,9835,indice
1752598359.803366,2025-07-15 18:52:39,muestra_traducciones_10000.csv,10000,9826,96000000,3.34,0.06,1.44,1.54,0.15,3292,95995012,98.3,,39266,9826,indice
1752598384.804502,2025-07-15 18:53:04,muestra_traducciones_10000.csv,10000,9801,96000000,3.32,0.06,1.44,1.51,0.16,18091,95995347,98.0,,49092,9801,indice
1752598408.561931,2025-07-15 18:53:28,muestra_traducciones_10000.csv,10000,9791,96000000,4.06,0.07,1.49,2.18,0.15,5747,95995655,97.9,,58893,9791,indice
1752600610.210444,2025-07-15 19:30:10,muestra_traducciones_10000.csv,10000,9838,96000000,3.4,0.06,1.34,1.67,0.15,2443,95976728,98.4,,68684,9838,indice
1752602777.166987,2025-07-15 20:06:17,muestra_traducciones_10000.csv,10000,9814,96000000,2.66,0.04,1.29,1.26,0.02,588,95990228,98.1,,78522,9814,indice
1752605042.518944,2025-07-15 20:44:02,muestra_traducciones_10000.csv,10000,9815,96000000,2.92,0.05,1.29,1.31,0.05,9308,95997864,98.2,,88336,9815,indice
1752607656.051986,2025-07-15 21:27:36,muestra_traducciones_10000.csv,10000,9820,96000000,2.98,0.05,1.24,1.31,0.15,2391,95997599,98.2,,98151,9820,indice
1752609980.140445,2025-07-15 22:06:20,muestra_traducciones_10000.csv,10000,9804,96000000,2.46,0.04,1.17,1.16,0.02,1506,95996976,98.0,,107971,9804,indice
1752612402.175642,2025-07-15 22:46:42,muestra_traducciones_10000.csv,10000,9808,96000000,2.41,0.04,1.15,1.11,0.02,28171,95999960,98.1,,117775,9808,indice
1752615531.026249,2025-07-15 23:38:51,muestra_traducciones_10000.csv,10000,9825,96000000,3.78,0.06,1.39,1.94,0.16,9029,95998233,98.2,,127583,9825,indice
1752618457.266385,2025-07-16 00:27:37,muestra_traducciones_10000.csv,10000,9808,96000000,3.56,0.06,1.31,1.77,0.17,17190,95992999,98.1,,137408,9808,indice
1752621326.260948,2025-07-16 01:15:26,muestra_traducciones_10000.csv,10000,9832,96000000,3.5,0.06,1.31,1.69,0.18,17249,95983627,98.3,,147216,9832,indice
1752624087.938284,2025-07-16 02:01:27,muestra_traducciones_10000.csv,10000,9830,96000000,3.18,0.05,1.24,1.47,0.16,23880,95992170,98.3,,157048,9830,indice
1752627019.098895,2025-07-16 02:50:19,muestra_traducciones_10000.csv,10000,9813,96000000,3.24,0.05,1.24,1.52,0.16,3727,95986965,98.1,,166878,9813,indice
1752629873.373876,2025-07-16 03:37:53,muestra_traducciones_10000.csv,10000,9821,96000000,3.49,0.06,1.27,1.73,0.15,4733,95991391,98.2,,176691,9821,indice
1752632360.866278,2025-07-16 04:19:20,muestra_traducciones_10000.csv,10000,9802,96000000,3.0,0.05,1.21,1.28,0.17,4925,95992374,98.0,,186512,9802,indice
1752635238.164394,2025-07-16 05:07:18,muestra_traducciones_10000.csv,10000,9815,96000000,3.21,0.05,1.19,1.54,0.15,2529,95996875,98.2,,196314,9815,indice
1752638184.719624,2025-07-16 05:56:24,muestra_traducciones_10000.csv,10000,9807,96000000,3.7,0.06,1.3,1.93,0.12,823,95997071,98.1,,206129,9807,indice
1752641473.645296,2025-07-16 06:51:13,muestra_traducciones_10000.csv,10000,9827,96000000,3.58,0.06,1.25,1.8,0.17,1276,95996143,98.3,,215936,9827,indice
1752644479.049903,2025-07-16 07:41:19,muestra_traducciones_10000.csv,10000,9803,96000000,3.96,0.07,1.32,2.13,0.17,4280,95996899,98.0,,225763,9803,indice
1752648565.216279,2025-07-16 08:49:25,muestra_traducciones_10000.csv,10000,9806,96000000,13.55,0.23,6.0,5.82,0.29,1595,95998702,98.1,,235566,9806,indice
1752651518.647069,2025-07-16 09:38:38,muestra_traducciones_10000.csv,10000,9797,96000000,4.73,0.08,2.05,2.43,0.05,20061,95998980,98.0,,245372,9797,indice
1752654490.456593,2025-07-16 10:28:10,muestra_traducciones_10000.csv,10000,9832,96000000,6.99,0.12,1.82,4.61,0.17,13724,95996024,98.3,,255169,9832,indice
1752658012.382501,2025-07-16 11:26:52,muestra_traducciones_10000.csv,10000,9800,96000000,5.26,0.09,1.55,3.18,0.15,1874,95984995,98.0,,265001,9800,indice
1752661700.442004,2025-07-16 12:28:20,muestra_traducciones_10000.csv,10000,9803,96000000,6.07,0.1,1.52,3.99,0.16,18739,95994510,98.0,,274801,9803,indice
1752665056.609781,2025-07-16 13:24:16,muestra_traducciones_10000.csv,10000,9799,96000000,5.33,0.09,1.44,3.27,0.21,13050,95998275,98.0,,284604,9799,indice
1752668494.441669,2025-07-16 14:21:34,muestra_traducciones_10000.csv,10000,9795,96000000,5.21,0.09,1.4,3.22,0.19,244,95980176,98.0,,294403,9795,indice
1752671826.506871,2025-07-16 15:17:06,muestra_traducciones_10000.csv,10000,9814,96000000,5.18,0.09,1.38,3.23,0.16,8415,95994224,98.1,,304198,9814,indice
1752674108.562674,2025-07-16 15:55:08,muestra_traducciones_10000.csv,10000,9810,96000000,4.42,0.07,1.38,2.42,0.18,9332,95994320,98.1,,314012,9810,indice
1752674161.024505,2025-07-16 15:56:01,muestra_traducciones_10000.csv,10000,9829,96000000,4.32,0.07,1.3,2.42,0.17,557,95995516,98.3,,323822,9829,indice
1752675994.990074,2025-07-16 16:26:34,muestra_traducciones_10000.csv,10000,9802,96000000,6.35,0.11,1.3,4.41,0.2,13671,95991595,98.0,,333651,9802,indice
1752677975.539609,2025-07-16 16:59:35,muestra_traducciones_10000.csv,10000,9798,96000000,4.98,0.08,1.25,3.12,0.15,1325,95990133,98.0,,343453,9798,indice
1752679913.403944,2025-07-16 17:31:53,muestra_traducciones_10000.csv,10000,9777,96000000,4.87,0.08,1.35,2.89,0.17,8045,95985036,97.8,,353251,9777,indice
1752681890.261781,2025-07-16 18:04:50,muestra_traducciones_10000.csv,10000,9820,96000000,5.6,0.09,1.24,3.74,0.15,5558,95993176,98.2,,363028,9820,indice
1752683985.832998,2025-07-16 18:39:45,muestra_traducciones_10000.csv,10000,9815,96000000,10.03,0.17,3.96,5.42,0.15,23520,95965361,98.2,,372848,9815,indice
1752685135.633791,2025-07-16 18:58:55,muestra_traducciones_10000.csv,10000,9800,96000000,4.04,0.07,1.14,2.24,0.19,2458,95999343,98.0,,382663,9800,indice
1752687045.85361,2025-07-16 19:30:45,muestra_traducciones_10000.csv,10000,9821,96000000,4.32,0.07,1.11,2.55,0.17,1008,95995877,98.2,,392463,9821,indice
1752688962.09176,2025-07-16 20:02:42,muestra_traducciones_10000.csv,10000,9792,96000000,6.49,0.11,1.2,4.61,0.17,5266,95997839,97.9,,402284,9792,indice
1752689350.54857,2025-07-16 20:09:10,muestra_traducciones_10000.csv,10000,9799,96000000,5.32,0.09,1.22,3.42,0.16,18858,95984155,98.0,,412076,9799,indice
1752691008.806211,2025-07-16 20:36:48,muestra_traducciones_10000.csv,10000,9820,96000000,4.05,0.07,1.1,2.3,0.14,7572,95999325,98.2,,421875,9820,indice
1752691508.599397,2025-07-16 20:45:08,muestra_traducciones_10000.csv,10000,9816,96000000,4.88,0.08,1.0,3.14,0.22,5240,95997971,98.2,,431695,9816,indice
1752692002.123904,2025-07-16 20:53:22,muestra_traducciones_10000.csv,10000,9815,96000000,4.3,0.07,1.05,2.57,0.15,730,95987461,98.2,,441511,9815,indice
1752692492.678555,2025-07-16 21:01:32,muestra_traducciones_10000.csv,10000,9796,96000000,3.93,0.07,1.04,2.19,0.16,391,95999378,98.0,,451326,9796,indice
1752692997.788325,2025-07-16 21:09:57,muestra_traducciones_10000.csv,10000,9822,96000000,4.04,0.07,1.01,2.34,0.16,4037,95996080,98.2,,461122,9822,indice
1752693505.396855,2025-07-16 21:18:25,muestra_traducciones_10000.csv,10000,9788,96000000,5.39,0.09,1.4,3.26,0.15,548,95995196,97.9,,470944,9788,indice
1752694015.096934,2025-07-16 21:26:55,muestra_traducciones_10000.csv,10000,9814,96000000,4.16,0.07,0.97,2.43,0.24,499,95999611,98.1,,480732,9814,indice
1752694522.195631,2025-07-16 21:35:22,muestra_traducciones_10000.csv,10000,9783,96000000,5.22,0.09,1.38,3.12,0.13,3593,95986140,97.8,,490546,9783,indice
1752695036.921141,2025-07-16 21:43:56,muestra_traducciones_10000.csv,10000,9795,96000000,4.97,0.08,1.09,3.12,0.19,5734,95978459,98.0,,500329,9795,indice
1752695558.422345,2025-07-16 21:52:38,muestra_traducciones_10000.csv,10000,9820,96000000,4.4,0.07,1.04,2.61,0.18,4517,95979819,98.2,,510124,9820,indice
1752696091.05366,2025-07-16 22:01:31,muestra_traducciones_10000.csv,10000,9792,96000000,4.11,0.07,0.93,2.44,0.12,387,95989897,97.9,,519944,9792,indice
1752696614.1262,2025-07-16 22:10:14,muestra_traducciones_10000.csv,10000,9802,96000000,5.06,0.08,1.18,3.08,0.2,17774,95980244,98.0,,529736,9802,indice
1752697141.306583,2025-07-16 22:19:01,muestra_traducciones_10000.csv,10000,9810,96000000,4.2,0.07,1.07,2.4,0.13,10824,95990459,98.1,,539538,9810,indice
1752697677.525143,2025-07-16 22:27:57,muestra_traducciones_10000.csv,10000,9803,96000000,4.34,0.07,1.24,2.27,0.2,13769,95996473,98.0,,549348,9803,indice
1752698208.405918,2025-07-16 22:36:48,muestra_traducciones_10000.csv,10000,9808,96000000,4.2,0.07,1.11,2.35,0.14,21574,95985501,98.1,,559151,9808,indice
1752698748.418484,2025-07-16 22:45:48,muestra_traducciones_10000.csv,10000,9813,96000000,4.24,0.07,1.25,2.22,0.17,15622,95976119,98.1,,568959,9813,indice
1752699291.369058,2025-07-16 22:54:51,muestra_traducciones_10000.csv,10000,9806,96000000,4.24,0.07,1.12,2.33,0.17,17892,95981344,98.1,,578772,9806,indice
1752699837.81708,2025-07-16 23:03:57,muestra_traducciones_10000.csv,10000,9795,96000000,4.57,0.08,1.33,2.42,0.18,18960,95973745,98.0,,588578,9795,indice
1752700383.917505,2025-07-16 23:13:03,muestra_traducciones_10000.csv,10000,9823,96000000,4.62,0.08,1.43,2.3,0.23,9640,95993473,98.2,,598373,9823,indice
1752700942.172352,2025-07-16 23:22:22,muestra_traducciones_10000.csv,10000,9832,96000000,4.72,0.08,1.43,2.45,0.18,16532,95994370,98.3,,608196,9832,indice
1752701495.566992,2025-07-16 23:31:35,muestra_traducciones_10000.csv,10000,9805,96000000,4.26,0.07,1.31,2.16,0.14,36901,95998054,98.0,,618028,9805,indice
1752702059.122046,2025-07-16 23:40:59,muestra_traducciones_10000.csv,10000,9801,96000000,4.72,0.08,1.45,2.46,0.16,6976,95999969,98.0,,627833,9801,indice
1752702628.342477,2025-07-16 23:50:28,muestra_traducciones_10000.csv,10000,9810,96000000,4.84,0.08,1.63,2.41,0.12,2125,95993443,98.1,,637634,9810,indice
1752703205.839185,2025-07-17 00:00:05,muestra_traducciones_10000.csv,10000,9815,96000000,5.3,0.09,1.8,2.58,0.25,6234,95997600,98.2,,647444,9815,indice
1752703768.460436,2025-07-17 00:09:28,muestra_traducciones_10000.csv,10000,9808,96000000,4.85,0.08,1.71,2.3,0.13,774,95994340,98.1,,657259,9808,indice
1752704340.189913,2025-07-17 00:19:00,muestra_traducciones_10000.csv,10000,9803,96000000,4.69,0.08,1.71,2.19,0.11,2146,95998501,98.0,,667067,9803,indice
1752704917.597593,2025-07-17 00:28:37,muestra_traducciones_10000.csv,10000,9827,96000000,4.91,0.08,1.93,2.16,0.1,13507,95999216,98.3,,676870,9827,indice
1752705499.359755,2025-07-17 00:38:19,muestra_traducciones_10000.csv,10000,9818,96000000,5.65,0.09,1.84,2.94,0.16,3976,95997596,98.2,,686697,9818,indice
1752706078.493773,2025-07-17 00:47:58,muestra_traducciones_10000.csv,10000,9807,96000000,5.88,0.1,2.57,2.35,0.24,1864,95972099,98.1,,696515,9807,indice
1752706657.865755,2025-07-17 00:57:37,muestra_traducciones_10000.csv,10000,9797,96000000,5.13,0.09,1.98,2.29,0.12,6170,95989299,98.0,,706322,9797,indice
1752707238.876619,2025-07-17 01:07:18,muestra_traducciones_10000.csv,10000,9820,96000000,6.0,0.1,2.66,2.12,0.21,41718,95995191,98.2,,716119,9820,indice
1752707824.902526,2025-07-17 01:17:04,muestra_traducciones_10000.csv,10000,9804,96000000,5.06,0.08,2.19,1.92,0.17,3406,95991801,98.0,,725939,9804,indice
1752708419.400456,2025-07-17 01:26:59,muestra_traducciones_10000.csv,10000,9831,96000000,5.57,0.09,2.15,2.43,0.16,3095,95957327,98.3,,735743,9831,indice
1752709014.852863,2025-07-17 01:36:54,muestra_traducciones_10000.csv,10000,9796,96000000,5.13,0.09,2.02,2.01,0.23,5766,95973546,98.0,,745574,9796,indice
1752709624.455598,2025-07-17 01:47:04,muestra_traducciones_10000.csv,10000,9829,96000000,5.62,0.09,2.16,2.18,0.16,2741,95996554,98.3,,755370,9829,indice
1752710229.570464,2025-07-17 01:57:09,muestra_traducciones_10000.csv,10000,9813,96000000,5.67,0.09,2.21,2.23,0.24,6362,95992885,98.1,,765199,9813,indice
1752710832.606755,2025-07-17 02:07:12,muestra_traducciones_10000.csv,10000,9815,96000000,6.64,0.11,2.18,2.59,0.15,17917,95997624,98.2,,775012,9815,indice
1752711446.07619,2025-07-17 02:17:26,muestra_traducciones_10000.csv,10000,9805,96000000,7.07,0.12,2.36,2.29,0.17,2817,95993543,98.0,,784827,9805,indice
1752712120.10538,2025-07-17 02:28:40,muestra_traducciones_10000.csv,10000,9829,96000000,6.22,0.1,2.12,2.4,0.08,4498,95990589,98.3,,794632,9829,indice
1752712751.469395,2025-07-17 02:39:11,muestra_traducciones_10000.csv,10000,9792,96000000,7.26,0.12,2.2,2.06,0.14,1207,95994137,97.9,,804461,9792,indice
1752713364.026608,2025-07-17 02:49:24,muestra_traducciones_10000.csv,10000,9806,96000000,6.92,0.12,1.98,2.25,0.27,8242,95989826,98.1,,814253,9806,indice
1752713987.907286,2025-07-17 02:59:47,muestra_traducciones_10000.csv,10000,9813,96000000,7.62,0.13,2.17,1.94,0.1,11001,95990942,98.1,,824059,9813,indice
1752714618.655619,2025-07-17 03:10:18,muestra_traducciones_10000.csv,10000,9792,96000000,7.47,0.12,2.28,2.19,0.16,16465,95996514,97.9,,833872,9792,indice
1752715260.807829,2025-07-17 03:21:00,muestra_traducciones_10000.csv,10000,9810,96000000,7.61,0.13,2.17,2.01,0.19,11161,95990382,98.1,,843664,9810,indice
1752715906.541264,2025-07-17 03:31:46,muestra_traducciones_10000.csv,10000,9819,96000000,7.43,0.12,1.98,2.22,0.15,11125,95986330,98.2,,853474,9819,indice
1752716547.426806,2025-07-17 03:42:27,muestra_traducciones_10000.csv,10000,9820,96000000,8.22,0.14,2.32,2.28,0.24,1561,95999347,98.2,,863293,9820,indice
1752717185.398963,2025-07-17 03:53:05,muestra_traducciones_10000.csv,10000,9797,96000000,7.99,0.13,2.06,2.07,0.13,1468,95991637,98.0,,873113,9797,indice
1752717835.279068,2025-07-17 04:03:55,muestra_traducciones_10000.csv,10000,9816,96000000,7.94,0.13,2.03,2.04,0.15,431,95976695,98.2,,882910,9816,indice
1752718483.426565,2025-07-17 04:14:43,muestra_traducciones_10000.csv,10000,9808,96000000,8.43,0.14,2.23,2.27,0.16,23821,95961824,98.1,,892726,9808,indice
1752719204.105927,2025-07-17 04:26:44,muestra_traducciones_10000.csv,10000,9815,96000000,8.24,0.14,2.27,1.89,0.17,4283,95994076,98.2,,902534,9815,indice
1752719858.739485,2025-07-17 04:37:38,muestra_traducciones_10000.csv,10000,9789,96000000,8.01,0.13,1.9,1.93,0.28,6350,95998737,97.9,,912349,9789,indice
1752720519.408698,2025-07-17 04:48:39,muestra_traducciones_10000.csv,10000,9801,96000000,8.04,0.13,1.88,1.97,0.17,9890,95995372,98.0,,922138,9801,indice
1752721176.460877,2025-07-17 04:59:36,muestra_traducciones_10000.csv,10000,9796,96000000,8.02,0.13,2.0,1.93,0.27,5456,95997684,98.0,,931939,9796,indice
1752721829.806134,2025-07-17 05:10:29,muestra_traducciones_10000.csv,10000,9805,96000000,8.0,0.13,2.04,1.99,0.12,6435,95997494,98.0,,941735,9805,indice
1752722500.169711,2025-07-17 05:21:40,muestra_traducciones_10000.csv,10000,9811,96000000,8.13,0.14,2.07,1.9,0.16,27121,95956949,98.1,,951540,9811,indice
1752723175.400272,2025-07-17 05:32:55,muestra_traducciones_10000.csv,10000,9815,96000000,9.53,0.16,3.02,2.12,0.28,21069,95995936,98.2,,961351,9815,indice
1752723845.061796,2025-07-17 05:44:05,muestra_traducciones_10000.csv,10000,9807,96000000,8.06,0.13,1.86,2.06,0.1,6313,95999268,98.1,,971166,9807,indice
1752724520.88067,2025-07-17 05:55:20,muestra_traducciones_10000.csv,10000,9817,96000000,8.29,0.14,2.0,1.94,0.29,5100,95999237,98.2,,980973,9817,indice
1752725207.560845,2025-07-17 06:06:47,muestra_traducciones_10000.csv,10000,9800,96000000,8.88,0.15,1.78,2.77,0.16,3951,95963081,98.0,,990790,9800,indice
1752725881.883609,2025-07-17 06:18:01,muestra_traducciones_10000.csv,10000,9821,96000000,8.87,0.15,2.11,2.49,0.11,30850,95999672,98.2,,1000590,9821,indice
1752726584.036107,2025-07-17 06:29:44,muestra_traducciones_10000.csv,10000,9800,96000000,8.45,0.14,1.98,2.17,0.17,5707,95993632,98.0,,1010411,9800,indice
1752727270.813747,2025-07-17 06:41:10,muestra_traducciones_10000.csv,10000,9811,96000000,9.27,0.15,1.92,2.97,0.16,9828,95971016,98.1,,1020211,9811,indice
1752727961.614178,2025-07-17 06:52:41,muestra_traducciones_10000.csv,10000,9818,96000000,9.05,0.15,2.19,2.37,0.28,5598,95991897,98.2,,1030022,9818,indice
1752728650.530484,2025-07-17 07:04:10,muestra_traducciones_10000.csv,10000,9818,96000000,8.46,0.14,1.85,2.15,0.17,12140,95990938,98.2,,1039840,9818,indice
1752729342.867845,2025-07-17 07:15:42,muestra_traducciones_10000.csv,10000,9794,96000000,7.9,0.13,1.78,1.73,0.15,4156,95993348,97.9,,1049658,9794,indice
1752730039.794356,2025-07-17 07:27:19,muestra_traducciones_10000.csv,10000,9816,96000000,8.43,0.14,1.87,2.08,0.15,5904,95994899,98.2,,1059452,9816,indice
1752730739.312304,2025-07-17 07:38:59,muestra_traducciones_10000.csv,10000,9822,96000000,8.31,0.14,1.87,1.87,0.15,9301,95994019,98.2,,1069268,9822,indice
1752731444.639217,2025-07-17 07:50:44,muestra_traducciones_10000.csv,10000,9811,96000000,8.5,0.14,1.84,1.96,0.28,2258,95990454,98.1,,1079090,9811,indice
1752732150.485471,2025-07-17 08:02:30,muestra_traducciones_10000.csv,10000,9779,96000000,8.59,0.14,2.14,1.7,0.16,20096,95990928,97.8,,1088901,9779,indice
1752732866.860692,2025-07-17 08:14:26,muestra_traducciones_10000.csv,10000,9809,96000000,8.77,0.15,2.03,2.04,0.16,3343,95993862,98.1,,1098680,9809,indice
1752733592.872619,2025-07-17 08:26:32,muestra_traducciones_10000.csv,10000,9795,96000000,8.69,0.14,1.92,2.04,0.15,3165,95978263,98.0,,1108489,9795,indice
1752734310.960249,2025-07-17 08:38:30,muestra_traducciones_10000.csv,10000,9817,96000000,8.4,0.14,1.88,1.82,0.13,371,95996590,98.2,,1118284,9817,indice
1752735036.281046,2025-07-17 08:50:36,muestra_traducciones_10000.csv,10000,9802,96000000,8.91,0.15,2.1,2.0,0.25,12425,95998115,98.0,,1128101,9802,indice
1752735769.778442,2025-07-17 09:02:49,muestra_traducciones_10000.csv,10000,9815,96000000,8.91,0.15,2.19,1.94,0.12,4125,95993774,98.2,,1137903,9815,indice
1752735816.087445,2025-07-17 09:03:36,muestra_traducciones_10000.csv,10000,9832,96000000,8.39,0.14,1.9,1.6,0.32,16026,95994747,98.3,,1147718,9832,indice
1752735865.644427,2025-07-17 09:04:25,muestra_traducciones_10000.csv,10000,9817,96000000,8.54,0.14,1.56,2.28,0.09,9113,95994633,98.2,,1157550,9817,indice
1752735913.594306,2025-07-17 09:05:13,muestra_traducciones_10000.csv,10000,9813,96000000,8.45,0.14,1.65,1.9,0.16,12,95996100,98.1,,1167367,9813,indice
1752735961.716441,2025-07-17 09:06:01,muestra_traducciones_10000.csv,10000,9795,96000000,8.07,0.13,1.55,1.56,0.27,16245,95998464,98.0,,1177180,9795,indice
1752736009.268352,2025-07-17 09:06:49,muestra_traducciones_10000.csv,10000,9827,96000000,7.93,0.13,1.48,1.57,0.09,1552,95998863,98.3,,1186975,9827,indice
1752736058.059204,2025-07-17 09:07:38,muestra_traducciones_10000.csv,10000,9799,96000000,8.09,0.13,1.52,1.51,0.25,23532,95998547,98.0,,1196802,9799,indice
1752736105.703447,2025-07-17 09:08:25,muestra_traducciones_10000.csv,10000,9823,96000000,8.03,0.13,1.59,1.54,0.12,13191,95998942,98.2,,1206601,9823,indice
1752736156.033058,2025-07-17 09:09:16,muestra_traducciones_10000.csv,10000,9816,96000000,8.3,0.14,1.82,1.58,0.14,12342,95998256,98.2,,1216424,9816,indice
1752736204.710537,2025-07-17 09:10:04,muestra_traducciones_10000.csv,10000,9811,96000000,8.22,0.14,1.52,1.75,0.12,117,95996579,98.1,,1226240,9811,indice
1752736253.888515,2025-07-17 09:10:53,muestra_traducciones_10000.csv,10000,9827,96000000,8.82,0.15,2.24,1.7,0.1,36096,95977052,98.3,,1236051,9827,indice
1752736303.965694,2025-07-17 09:11:43,muestra_traducciones_10000.csv,10000,9792,96000000,8.31,0.14,1.54,1.52,0.22,7154,95994399,97.9,,1245878,9792,indice
1752736352.741026,2025-07-17 09:12:32,muestra_traducciones_10000.csv,10000,9795,96000000,7.9,0.13,1.5,1.41,0.09,5346,95986115,98.0,,1255670,9795,indice
1752736403.272832,2025-07-17 09:13:23,muestra_traducciones_10000.csv,10000,9803,96000000,8.09,0.13,1.54,1.48,0.08,26648,95996548,98.0,,1265465,9803,indice
1752736452.72777,2025-07-17 09:14:12,muestra_traducciones_10000.csv,10000,9803,96000000,8.35,0.14,1.62,1.5,0.14,4680,95990227,98.0,,1275268,9803,indice
1752750422.95314,2025-07-17 13:07:02,muestra_traducciones_10000.csv,10000,9804,96000000,13.92,0.23,3.9,4.35,0.16,10029,95991080,98.0,,1285071,9804,indice
1752760154.788876,2025-07-17 15:49:14,muestra_traducciones_10000.csv,10000,9822,96000000,6.62,0.11,2.52,2.43,0.1,16651,95983692,98.2,,1294875,9822,indice
1752760874.960343,2025-07-17 16:01:14,muestra_traducciones_10000.csv,10000,9813,96000000,14.3,0.24,4.1,4.6,0.16,7587,95994906,98.1,,1304697,9813,indice
1752761659.354529,2025-07-17 16:14:19,muestra_traducciones_10000.csv,10000,9827,96000000,13.55,0.23,3.83,4.21,0.17,16257,95980382,98.3,,1314510,9827,indice
1752762406.916871,2025-07-17 16:26:46,muestra_traducciones_10000.csv,10000,9816,96000000,15.05,0.25,4.72,4.81,0.16,6021,95964163,98.2,,1324337,9816,indice
1752763146.124731,2025-07-17 16:39:06,muestra_traducciones_10000.csv,10000,9797,96000000,13.54,0.23,4.1,3.88,0.14,1654,95988880,98.0,,1334153,9797,indice
1752763888.695572,2025-07-17 16:51:28,muestra_traducciones_10000.csv,10000,9786,96000000,12.21,0.2,3.45,3.05,0.29,8987,95995759,97.9,,1343950,9786,indice
1752764642.267736,2025-07-17 17:04:02,muestra_traducciones_10000.csv,10000,9824,96000000,12.39,0.21,3.39,3.54,0.12,10202,95987823,98.2,,1353736,9824,indice
1752765400.952877,2025-07-17 17:16:40,muestra_traducciones_10000.csv,10000,9811,96000000,12.43,0.21,3.02,3.57,0.32,16141,95992467,98.1,,1363560,9811,indice
1752766161.069506,2025-07-17 17:29:21,muestra_traducciones_10000.csv,10000,9809,96000000,12.3,0.21,3.32,3.24,0.16,31,95984013,98.1,,1373371,9809,indice
1752766927.633772,2025-07-17 17:42:07,muestra_traducciones_10000.csv,10000,9796,96000000,12.11,0.2,3.14,3.19,0.16,30000,95998741,98.0,,1383180,9796,indice
1752767694.008206,2025-07-17 17:54:54,muestra_traducciones_10000.csv,10000,9785,96000000,15.04,0.25,3.58,5.37,0.36,4712,95999475,97.9,,1392976,9785,indice
1752768459.406364,2025-07-17 18:07:39,muestra_traducciones_10000.csv,10000,9804,96000000,11.4,0.19,2.67,2.65,0.14,655,95997749,98.0,,1402761,9804,indice
1752769230.625681,2025-07-17 18:20:30,muestra_traducciones_10000.csv,10000,9812,96000000,11.99,0.2,2.93,2.79,0.34,5293,95990967,98.1,,1412565,9812,indice
1752769999.996888,2025-07-17 18:33:19,muestra_traducciones_10000.csv,10000,9808,96000000,12.63,0.21,3.27,3.25,0.16,15013,95993408,98.1,,1422377,9808,indice
1752770819.073941,2025-07-17 18:46:59,muestra_traducciones_10000.csv,10000,9811,96000000,11.04,0.18,2.57,2.43,0.13,19900,95991834,98.1,,1432185,9811,indice
1752771728.179283,2025-07-17 19:02:08,muestra_traducciones_10000.csv,10000,9817,96000000,18.45,0.31,5.94,6.39,0.15,5378,95972957,98.2,,1441996,9817,indice
1752771797.118966,2025-07-17 19:03:17,muestra_traducciones_10000.csv,10000,9805,96000000,17.68,0.29,5.4,6.19,0.16,1062,95995655,98.0,,1451813,9805,indice
1752771866.142805,2025-07-17 19:04:26,muestra_traducciones_10000.csv,10000,9798,96000000,17.38,0.29,5.24,5.92,0.28,18141,95987606,98.0,,1461618,9798,indice
1752771934.883829,2025-07-17 19:05:34,muestra_traducciones_10000.csv,10000,9809,96000000,17.87,0.3,5.61,6.05,0.2,17063,95991154,98.1,,1471416,9809,indice
1752772726.003236,2025-07-17 19:18:46,muestra_traducciones_10000.csv,10000,9797,96000000,12.14,0.2,2.84,2.94,0.16,1718,95999216,98.0,,1481225,9797,indice
1752773516.445365,2025-07-17 19:31:56,muestra_traducciones_10000.csv,10000,9794,96000000,11.35,0.19,2.57,2.56,0.1,7103,95995422,97.9,,1491022,9794,indice
1752774307.780782,2025-07-17 19:45:07,muestra_traducciones_10000.csv,10000,9792,96000000,11.16,0.19,2.29,2.38,0.17,7591,95993913,97.9,,1500816,9792,indice
1752775110.100429,2025-07-17 19:58:30,muestra_traducciones_10000.csv,10000,9809,96000000,11.72,0.2,2.6,2.64,0.36,2522,95976130,98.1,,1510608,9809,indice
1752775913.414834,2025-07-17 20:11:53,muestra_traducciones_10000.csv,10000,9814,96000000,11.96,0.2,2.42,3.15,0.16,13259,95991926,98.1,,1520417,9814,indice
1752776706.698533,2025-07-17 20:25:06,muestra_traducciones_10000.csv,10000,9807,96000000,12.52,0.21,3.03,2.98,0.15,8775,95995635,98.1,,1530231,9807,indice
1752777510.473325,2025-07-17 20:38:30,muestra_traducciones_10000.csv,10000,9814,96000000,13.64,0.23,3.46,3.71,0.15,5716,95980553,98.1,,1540038,9814,indice
1752778311.240522,2025-07-17 20:51:51,muestra_traducciones_10000.csv,10000,9803,96000000,11.61,0.19,2.22,2.81,0.15,2128,95998583,98.0,,1549852,9803,indice
1752779129.12246,2025-07-17 21:05:29,muestra_traducciones_10000.csv,10000,9821,96000000,11.45,0.19,2.38,2.24,0.35,5924,95997186,98.2,,1559655,9821,indice
1752779955.137581,2025-07-17 21:19:15,muestra_traducciones_10000.csv,10000,9816,96000000,11.6,0.19,2.38,2.5,0.16,8424,95997415,98.2,,1569476,9816,indice
1752780823.321669,2025-07-17 21:33:43,muestra_traducciones_10000.csv,10000,9795,96000000,17.26,0.29,4.67,4.61,0.39,3107,95987825,98.0,,1579292,9795,indice
1752781647.653094,2025-07-17 21:47:27,muestra_traducciones_10000.csv,10000,9800,96000000,11.4,0.19,2.26,2.44,0.15,9307,95976367,98.0,,1589087,9800,indice
1752782497.53268,2025-07-17 22:01:37,muestra_traducciones_10000.csv,10000,9815,96000000,11.5,0.19,2.47,2.32,0.13,3475,95971827,98.2,,1598887,9815,indice
1752783342.425618,2025-07-17 22:15:42,muestra_traducciones_10000.csv,10000,9784,96000000,12.14,0.2,2.49,2.55,0.37,8922,95990544,97.8,,1608702,9784,indice
1752784189.897102,2025-07-17 22:29:49,muestra_traducciones_10000.csv,10000,9809,96000000,12.27,0.2,2.66,2.88,0.15,34913,95989977,98.1,,1618486,9809,indice
1752785035.764954,2025-07-17 22:43:55,muestra_traducciones_10000.csv,10000,9803,96000000,11.48,0.19,2.2,2.18,0.38,10076,95999901,98.0,,1628295,9803,indice
1752785882.571663,2025-07-17 22:58:02,muestra_traducciones_10000.csv,10000,9826,96000000,11.01,0.18,2.01,2.19,0.16,2291,95993679,98.3,,1638098,9826,indice
1752786731.210532,2025-07-17 23:12:11,muestra_traducciones_10000.csv,10000,9794,96000000,10.93,0.18,2.16,1.97,0.15,4479,95989776,97.9,,1647924,9794,indice
1752787577.867043,2025-07-17 23:26:17,muestra_traducciones_10000.csv,10000,9817,96000000,11.69,0.19,2.35,2.5,0.16,11313,95980798,98.2,,1657718,9817,indice
1752788425.274513,2025-07-17 23:40:25,muestra_traducciones_10000.csv,10000,9807,96000000,11.41,0.19,2.21,2.2,0.17,32345,95999407,98.1,,1667535,9807,indice
1752789277.028402,2025-07-17 23:54:37,muestra_traducciones_10000.csv,10000,9823,96000000,10.74,0.18,1.72,1.96,0.35,2091,95989862,98.2,,1677342,9823,indice
1752790142.62089,2025-07-18 00:09:02,muestra_traducciones_10000.csv,10000,9787,96000000,10.83,0.18,1.82,1.85,0.15,11159,95989013,97.9,,1687165,9787,indice
1752791004.538841,2025-07-18 00:23:24,muestra_traducciones_10000.csv,10000,9818,96000000,10.91,0.18,1.75,1.96,0.1,7337,95982179,98.2,,1696952,9818,indice
1752791878.795045,2025-07-18 00:37:58,muestra_traducciones_10000.csv,10000,9818,96000000,11.65,0.19,2.03,2.08,0.14,725,95989641,98.2,,1706770,9818,indice
1752792587.037017,2025-07-18 00:49:47,muestra_traducciones_10000.csv,10000,9819,96000000,11.06,0.18,1.78,1.96,0.14,7049,95982005,98.2,,1716588,9819,indice
1752793470.881084,2025-07-18 01:04:30,muestra_traducciones_10000.csv,10000,9814,96000000,10.9,0.18,1.68,1.7,0.34,4634,95989621,98.1,,1726407,9814,indice
1752794340.935573,2025-07-18 01:19:00,muestra_traducciones_10000.csv,10000,9790,96000000,11.46,0.19,1.85,1.87,0.14,4820,95999954,97.9,,1736221,9790,indice
1752795211.955203,2025-07-18 01:33:31,muestra_traducciones_10000.csv,10000,9821,96000000,11.24,0.19,1.74,1.77,0.16,33623,95995640,98.2,,1746011,9821,indice
1752796094.502877,2025-07-18 01:48:14,muestra_traducciones_10000.csv,10000,9817,96000000,11.52,0.19,1.96,1.91,0.16,18396,95996508,98.2,,1755832,9817,indice
1752796977.415919,2025-07-18 02:02:57,muestra_traducciones_10000.csv,10000,9806,96000000,11.38,0.19,1.68,2.0,0.16,9105,95989069,98.1,,1765649,9806,indice
1752797560.715847,2025-07-18 02:12:40,muestra_traducciones_10000.csv,10000,9829,96000000,11.28,0.19,1.62,1.93,0.38,15424,95994074,98.3,,1775455,9829,indice
1752797962.813113,2025-07-18 02:19:22,muestra_traducciones_10000.csv,10000,9800,96000000,10.87,0.18,1.54,1.8,0.15,7844,95972653,98.0,,1785284,9800,indice
1752798370.448092,2025-07-18 02:26:10,muestra_traducciones_10000.csv,10000,9825,96000000,11.51,0.19,1.78,1.86,0.38,5234,95983977,98.2,,1795084,9825,indice
1752798787.662115,2025-07-18 02:33:07,muestra_traducciones_10000.csv,10000,9802,96000000,12.07,0.2,2.03,2.28,0.16,5210,95988280,98.0,,1804909,9802,indice
1752799222.97701,2025-07-18 02:40:22,muestra_traducciones_10000.csv,10000,9803,96000000,10.92,0.18,1.65,1.74,0.12,1548,95998773,98.0,,1814711,9803,indice
1752799639.951347,2025-07-18 02:47:19,muestra_traducciones_10000.csv,10000,9812,96000000,11.32,0.19,1.76,1.75,0.3,683,95987911,98.1,,1824514,9812,indice
1752800064.92237,2025-07-18 02:54:24,muestra_traducciones_10000.csv,10000,9787,96000000,11.32,0.19,1.77,1.69,0.15,809,95993113,97.9,,1834326,9787,indice
1752800483.344959,2025-07-18 03:01:23,muestra_traducciones_10000.csv,10000,9803,96000000,11.66,0.19,1.86,1.68,0.36,26715,95980028,98.0,,1844113,9803,indice
1752800912.048475,2025-07-18 03:08:32,muestra_traducciones_10000.csv,10000,9827,96000000,11.32,0.19,1.65,1.83,0.15,1891,95999501,98.3,,1853916,9827,indice
1752801347.543386,2025-07-18 03:15:47,muestra_traducciones_10000.csv,10000,9824,96000000,11.25,0.19,1.63,1.61,0.14,48,95973673,98.2,,1863743,9824,indice
1752801784.33928,2025-07-18 03:23:04,muestra_traducciones_10000.csv,10000,9807,96000000,11.43,0.19,1.72,2.09,0.14,15632,95992752,98.1,,1873567,9807,indice
1752802223.726307,2025-07-18 03:30:23,muestra_traducciones_10000.csv,10000,9818,96000000,11.5,0.19,1.82,1.69,0.17,5597,95977256,98.2,,1883374,9818,indice
1752802668.110489,2025-07-18 03:37:48,muestra_traducciones_10000.csv,10000,9810,96000000,11.37,0.19,1.57,1.63,0.37,6775,95984274,98.1,,1893192,9810,indice
1752803115.413915,2025-07-18 03:45:15,muestra_traducciones_10000.csv,10000,9821,96000000,11.6,0.19,1.79,1.73,0.12,3414,95982464,98.2,,1903002,9821,indice
1752803562.166343,2025-07-18 03:52:42,muestra_traducciones_10000.csv,10000,9799,96000000,11.24,0.19,1.57,1.68,0.16,6434,95992794,98.0,,1912823,9799,indice
1752804022.633639,2025-07-18 04:00:22,muestra_traducciones_10000.csv,10000,9835,96000000,11.89,0.2,1.9,1.79,0.16,9439,95998119,98.4,,1922622,9835,indice
1752804475.006516,2025-07-18 04:07:55,muestra_traducciones_10000.csv,10000,9815,96000000,11.19,0.19,1.59,1.52,0.16,7022,95991072,98.2,,1932457,9815,indice
1752804934.29502,2025-07-18 04:15:34,muestra_traducciones_10000.csv,10000,9817,96000000,11.88,0.2,1.87,1.69,0.31,16062,95999050,98.2,,1942272,9817,indice
1752805402.186548,2025-07-18 04:23:22,muestra_traducciones_10000.csv,10000,9823,96000000,11.78,0.2,1.62,1.79,0.13,18146,95995223,98.2,,1952089,9823,indice
1752805869.408738,2025-07-18 04:31:09,muestra_traducciones_10000.csv,10000,9825,96000000,12.61,0.21,2.36,2.09,0.09,8460,95998325,98.2,,1961912,9825,indice
1752806350.519427,2025-07-18 04:39:10,muestra_traducciones_10000.csv,10000,9808,96000000,11.91,0.2,1.97,1.73,0.15,6125,95996886,98.1,,1971737,9808,indice
1752806821.358457,2025-07-18 04:47:01,muestra_traducciones_10000.csv,10000,9790,96000000,11.77,0.2,1.65,1.77,0.14,16704,95984960,97.9,,1981545,9790,indice
1752807300.96056,2025-07-18 04:55:00,muestra_traducciones_10000.csv,10000,9814,96000000,11.93,0.2,1.63,1.7,0.32,10092,95999603,98.1,,1991335,9814,indice
1752807781.44524,2025-07-18 05:03:01,muestra_traducciones_10000.csv,10000,9793,96000000,12.05,0.2,1.6,1.88,0.11,5133,95990689,97.9,,2001149,9793,indice
1752808264.621913,2025-07-18 05:11:04,muestra_traducciones_10000.csv,10000,9794,96000000,12.14,0.2,1.63,1.74,0.38,1697,95971441,97.9,,2010942,9794,indice
1752808748.194573,2025-07-18 05:19:08,muestra_traducciones_10000.csv,10000,9809,96000000,11.84,0.2,1.75,1.66,0.13,4214,95998322,98.1,,2020736,9809,indice
1752809235.59958,2025-07-18 05:27:15,muestra_traducciones_10000.csv,10000,9807,96000000,11.53,0.19,1.52,1.6,0.11,3396,95997539,98.1,,2030545,9807,indice
1752809735.124215,2025-07-18 05:35:35,muestra_traducciones_10000.csv,10000,9803,96000000,11.98,0.2,1.61,1.8,0.1,2696,95975549,98.0,,2040352,9803,indice
1752810246.744264,2025-07-18 05:44:06,muestra_traducciones_10000.csv,10000,9813,96000000,12.28,0.2,1.81,1.64,0.2,16464,95997892,98.1,,2050155,9813,indice
1752810764.486937,2025-07-18 05:52:44,muestra_traducciones_10000.csv,10000,9837,96000000,12.18,0.2,1.6,1.53,0.36,1404,95987502,98.4,,2059968,9837,indice
1752811272.146665,2025-07-18 06:01:12,muestra_traducciones_10000.csv,10000,9801,96000000,11.77,0.2,1.57,1.54,0.14,7421,95974314,98.0,,2069805,9801,indice
1752811777.834557,2025-07-18 06:09:37,muestra_traducciones_10000.csv,10000,9800,96000000,11.91,0.2,1.55,1.81,0.15,7953,95984008,98.0,,2079606,9800,indice
1752812297.413247,2025-07-18 06:18:17,muestra_traducciones_10000.csv,10000,9804,96000000,11.92,0.2,1.58,1.73,0.16,1494,95985226,98.0,,2089406,9804,indice
1752812809.959335,2025-07-18 06:26:49,muestra_traducciones_10000.csv,10000,9824,96000000,11.97,0.2,1.51,1.57,0.14,22844,95988787,98.2,,2099210,9824,indice
1752813328.885191,2025-07-18 06:35:28,muestra_traducciones_10000.csv,10000,9810,96000000,13.01,0.22,1.99,1.75,0.42,32798,95993825,98.1,,2109034,9810,indice
1752813864.276824,2025-07-18 06:44:24,muestra_traducciones_10000.csv,10000,9808,96000000,11.65,0.19,1.46,1.54,0.13,4673,95993514,98.1,,2118844,9808,indice
1752814386.634831,2025-07-18 06:53:06,muestra_traducciones_10000.csv,10000,9836,96000000,12.11,0.2,1.59,1.69,0.17,4282,95985017,98.4,,2128652,9836,indice
1752814907.861724,2025-07-18 07:01:47,muestra_traducciones_10000.csv,10000,9778,96000000,12.47,0.21,2.02,1.55,0.15,6417,95998048,97.8,,2138488,9778,indice
1752815437.118815,2025-07-18 07:10:37,muestra_traducciones_10000.csv,10000,9807,96000000,11.99,0.2,1.51,1.59,0.15,8884,95999517,98.1,,2148266,9807,indice
1752815971.124645,2025-07-18 07:19:31,muestra_traducciones_10000.csv,10000,9800,96000000,12.38,0.21,1.61,1.53,0.39,22518,95998845,98.0,,2158073,9800,indice
1752816504.841927,2025-07-18 07:28:24,muestra_traducciones_10000.csv,10000,9814,96000000,12.26,0.2,1.74,1.6,0.09,263,95996364,98.1,,2167873,9814,indice
1752817044.183446,2025-07-18 07:37:24,muestra_traducciones_10000.csv,10000,9785,96000000,12.41,0.21,1.52,1.72,0.13,31666,95999047,97.9,,2177687,9785,indice
1752817589.70784,2025-07-18 07:46:29,muestra_traducciones_10000.csv,10000,9778,96000000,12.29,0.2,1.78,1.54,0.13,8682,95987090,97.8,,2187472,9778,indice
1752818134.07562,2025-07-18 07:55:34,muestra_traducciones_10000.csv,10000,9769,96000000,12.14,0.2,1.51,1.46,0.12,1183,95990593,97.7,,2197250,9769,indice
1752818690.886775,2025-07-18 08:04:50,muestra_traducciones_10000.csv,10000,9807,96000000,12.3,0.2,1.44,1.56,0.33,14032,95999513,98.1,,2207019,9807,indice
1752819254.401324,2025-07-18 08:14:14,muestra_traducciones_10000.csv,10000,9811,96000000,12.27,0.2,1.54,1.54,0.13,8924,95986796,98.1,,2216826,9811,indice
1752819804.458184,2025-07-18 08:23:24,muestra_traducciones_10000.csv,10000,9780,96000000,12.72,0.21,1.5,1.54,0.41,17865,95998997,97.8,,2226637,9780,indice
1752821386.078549,2025-07-18 08:49:46,muestra_traducciones_10000.csv,10000,9795,96000000,7.46,0.12,2.3,2.51,0.04,995,95992936,98.0,,2236417,9795,indice
1752821923.157917,2025-07-18 08:58:43,muestra_traducciones_10000.csv,10000,9804,96000000,15.88,0.26,3.5,3.74,0.15,1558,95991095,98.0,,2246212,9804,indice
1752822490.854501,2025-07-18 09:08:10,muestra_traducciones_10000.csv,10000,9825,96000000,15.89,0.26,3.17,3.09,0.38,7904,95997900,98.2,,2256016,9825,indice
1752823056.007899,2025-07-18 09:17:36,muestra_traducciones_10000.csv,10000,9788,96000000,15.28,0.25,2.98,3.11,0.07,528,95998978,97.9,,2265841,9788,indice
1752823634.123499,2025-07-18 09:27:14,muestra_traducciones_10000.csv,10000,9801,96000000,17.03,0.28,3.47,3.76,0.44,9838,95988374,98.0,,2275629,9801,indice
1752824218.937592,2025-07-18 09:36:58,muestra_traducciones_10000.csv,10000,9787,96000000,16.23,0.27,3.28,3.47,0.17,1951,95999131,97.9,,2285430,9787,indice
1752824815.346949,2025-07-18 09:46:55,muestra_traducciones_10000.csv,10000,9785,96000000,16.61,0.28,3.28,3.85,0.17,5554,95996231,97.9,,2295217,9785,indice
1752825409.680347,2025-07-18 09:56:49,muestra_traducciones_10000.csv,10000,9817,96000000,15.91,0.27,2.97,3.41,0.14,21532,95999211,98.2,,2305002,9817,indice
1752826006.014392,2025-07-18 10:06:46,muestra_traducciones_10000.csv,10000,9826,96000000,16.06,0.27,2.88,3.49,0.16,8026,95985402,98.3,,2314819,9826,indice
1752826608.065967,2025-07-18 10:16:48,muestra_traducciones_10000.csv,10000,9794,96000000,16.37,0.27,3.03,3.4,0.42,9898,95984824,97.9,,2324645,9794,indice
1752827214.467303,2025-07-18 10:26:54,muestra_traducciones_10000.csv,10000,9813,96000000,15.59,0.26,2.97,3.08,0.16,1426,95998288,98.1,,2334439,9813,indice
1752827827.326727,2025-07-18 10:37:07,muestra_traducciones_10000.csv,10000,9798,96000000,15.59,0.26,2.83,3.04,0.16,5833,95995652,98.0,,2344252,9798,indice
1752828445.489249,2025-07-18 10:47:25,muestra_traducciones_10000.csv,10000,9822,96000000,15.93,0.27,3.18,3.03,0.17,33372,95998386,98.2,,2354050,9822,indice
1752829058.557664,2025-07-18 10:57:38,muestra_traducciones_10000.csv,10000,9786,96000000,15.28,0.25,2.85,2.61,0.12,6807,95999039,97.9,,2363872,9786,indice
1752829681.011994,2025-07-18 11:08:01,muestra_traducciones_10000.csv,10000,9818,96000000,16.01,0.27,2.6,3.18,0.41,1881,95998980,98.2,,2373658,9818,indice
1752830305.390699,2025-07-18 11:18:25,muestra_traducciones_10000.csv,10000,9822,96000000,15.72,0.26,2.8,3.05,0.15,14538,95932085,98.2,,2383476,9822,indice
1752830940.588614,2025-07-18 11:29:00,muestra_traducciones_10000.csv,10000,9816,96000000,15.1,0.25,2.45,2.69,0.16,8993,95998622,98.2,,2393298,9816,indice
1752831573.87413,2025-07-18 11:39:33,muestra_traducciones_10000.csv,10000,9779,96000000,15.23,0.25,2.81,2.54,0.16,5579,95989430,97.8,,2403114,9779,indice
1752832216.790599,2025-07-18 11:50:16,muestra_traducciones_10000.csv,10000,9812,96000000,15.36,0.26,2.48,2.86,0.17,9151,95980116,98.1,,2412893,9812,indice
1752832848.635085,2025-07-18 12:00:48,muestra_traducciones_10000.csv,10000,9799,96000000,15.86,0.26,2.57,2.92,0.46,6646,95999114,98.0,,2422705,9799,indice
1752833490.24811,2025-07-18 12:11:30,muestra_traducciones_10000.csv,10000,9796,96000000,16.06,0.27,2.68,3.42,0.15,533,95999249,98.0,,2432504,9796,indice
1752834133.90081,2025-07-18 12:22:13,muestra_traducciones_10000.csv,10000,9835,96000000,15.48,0.26,2.48,2.72,0.42,6859,95983881,98.4,,2442300,9835,indice
1752834783.763789,2025-07-18 12:33:03,muestra_traducciones_10000.csv,10000,9793,96000000,14.75,0.25,2.24,2.3,0.16,9061,95994615,97.9,,2452135,9793,indice
1752835430.713132,2025-07-18 12:43:50,muestra_traducciones_10000.csv,10000,9797,96000000,13.92,0.23,1.98,1.94,0.16,578,95992259,98.0,,2461928,9797,indice
1752836084.466205,2025-07-18 12:54:44,muestra_traducciones_10000.csv,10000,9806,96000000,15.28,0.25,2.26,2.47,0.45,7514,95998871,98.1,,2471725,9806,indice
1752836724.819825,2025-07-18 13:05:24,muestra_traducciones_10000.csv,10000,9814,96000000,15.85,0.26,2.79,2.91,0.15,153,95974857,98.1,,2481531,9814,indice
1752837419.922918,2025-07-18 13:16:59,muestra_traducciones_10000.csv,10000,9818,96000000,15.11,0.25,2.42,2.57,0.41,1772,95987634,98.2,,2491345,9818,indice
1752838071.094585,2025-07-18 13:27:51,muestra_traducciones_10000.csv,10000,9819,96000000,14.89,0.25,2.13,2.63,0.14,1990,95993522,98.2,,2501163,9819,indice
1752838729.64376,2025-07-18 13:38:49,muestra_traducciones_10000.csv,10000,9802,96000000,15.15,0.25,2.4,2.69,0.16,30151,95995903,98.0,,2510982,9802,indice
1752839396.712813,2025-07-18 13:49:56,muestra_traducciones_10000.csv,10000,9807,96000000,16.3,0.27,2.5,3.32,0.19,1281,95998051,98.1,,2520784,9807,indice
1752840065.840696,2025-07-18 14:01:05,muestra_traducciones_10000.csv,10000,9815,96000000,15.81,0.26,2.48,2.76,0.15,2959,95989791,98.2,,2530591,9815,indice
1752840737.666316,2025-07-18 14:12:17,muestra_traducciones_10000.csv,10000,9801,96000000,15.12,0.25,1.97,2.22,0.49,14233,95978310,98.0,,2540406,9801,indice
1752841407.697867,2025-07-18 14:23:27,muestra_traducciones_10000.csv,10000,9821,96000000,14.69,0.24,2.11,2.34,0.12,5713,95987165,98.2,,2550207,9821,indice
1752842084.030414,2025-07-18 14:34:44,muestra_traducciones_10000.csv,10000,9801,96000000,15.49,0.26,2.52,2.34,0.15,1472,95992078,98.0,,2560028,9801,indice
1752842767.745728,2025-07-18 14:46:07,muestra_traducciones_10000.csv,10000,9808,96000000,15.54,0.26,2.54,2.39,0.15,9373,95998962,98.1,,2569829,9808,indice
1752843446.808523,2025-07-18 14:57:26,muestra_traducciones_10000.csv,10000,9803,96000000,14.9,0.25,2.02,2.16,0.13,1308,95997433,98.0,,2579637,9803,indice
1752844136.230368,2025-07-18 15:08:56,muestra_traducciones_10000.csv,10000,9816,96000000,15.43,0.26,2.22,2.15,0.5,8601,95997549,98.2,,2589440,9816,indice
1752844824.631052,2025-07-18 15:20:24,muestra_traducciones_10000.csv,10000,9822,96000000,14.29,0.24,2.5,2.02,0.16,302,95993783,98.2,,2599256,9822,indice
1752845517.227022,2025-07-18 15:31:57,muestra_traducciones_10000.csv,10000,9785,96000000,14.99,0.25,2.06,2.2,0.16,6161,95995935,97.9,,2609078,9785,indice
1752846194.128774,2025-07-18 15:43:14,muestra_traducciones_10000.csv,10000,9797,96000000,14.09,0.23,2.08,1.86,0.16,521,95998270,98.0,,2618863,9797,indice
1752846881.993953,2025-07-18 15:54:41,muestra_traducciones_10000.csv,10000,9800,96000000,14.1,0.24,1.91,2.12,0.11,24431,95990721,98.0,,2628660,9800,indice
1752847557.690012,2025-07-18 16:05:57,muestra_traducciones_10000.csv,10000,9793,96000000,13.67,0.23,2.01,2.28,0.42,8491,95989028,97.9,,2638460,9793,indice
1752848256.309121,2025-07-18 16:17:36,muestra_traducciones_10000.csv,10000,9826,96000000,16.13,0.27,2.81,2.32,0.13,2098,95983080,98.3,,2648253,9826,indice
1752858911.034377,2025-07-18 19:15:11,muestra_traducciones_10000.csv,10000,9781,96000000,8.36,0.14,2.57,2.43,0.17,634,95994843,97.8,,2658079,9781,indice
1752858953.315724,2025-07-18 19:15:53,muestra_traducciones_10000.csv,10000,9797,96000000,7.91,0.13,2.32,2.4,0.04,4716,95961008,98.0,,2667860,9797,indice
1752859065.868391,2025-07-18 19:17:45,muestra_traducciones_10000.csv,10000,9788,96000000,27.15,0.45,7.62,8.63,0.16,14868,95990490,97.9,,2677657,9788,indice
1752859852.103459,2025-07-18 19:30:52,muestra_traducciones_10000.csv,10000,9780,96000000,26.96,0.45,7.04,7.98,0.16,8552,95999009,97.8,,2687445,9780,indice
1752860577.325129,2025-07-18 19:42:57,muestra_traducciones_10000.csv,10000,9795,96000000,18.96,0.32,4.23,3.79,0.16,517,95977519,98.0,,2697225,9795,indice
1752861327.943797,2025-07-18 19:55:27,muestra_traducciones_10000.csv,10000,9809,96000000,17.79,0.3,3.03,3.29,0.53,1337,95983425,98.1,,2707020,9809,indice
1752862069.316314,2025-07-18 20:07:49,muestra_traducciones_10000.csv,10000,9839,96000000,16.92,0.28,2.73,3.14,0.16,9853,95995371,98.4,,2716829,9839,indice
1752862811.895225,2025-07-18 20:20:11,muestra_traducciones_10000.csv,10000,9805,96000000,17.03,0.28,2.93,2.97,0.16,3678,95988743,98.0,,2726668,9805,indice
1752863571.457971,2025-07-18 20:32:51,muestra_traducciones_10000.csv,10000,9819,96000000,17.76,0.3,3.02,3.54,0.15,6103,95998424,98.2,,2736473,9819,indice
1752864326.444385,2025-07-18 20:45:26,muestra_traducciones_10000.csv,10000,9779,96000000,17.42,0.29,3.01,3.27,0.16,7105,95975914,97.8,,2746292,9779,indice
1752865083.341151,2025-07-18 20:58:03,muestra_traducciones_10000.csv,10000,9795,96000000,19.33,0.32,3.83,4.12,0.47,6239,95967919,98.0,,2756071,9795,indice
1752865840.881898,2025-07-18 21:10:40,muestra_traducciones_10000.csv,10000,9797,96000000,19.05,0.32,3.99,3.78,0.15,185,95994418,98.0,,2765866,9797,indice
1752866610.063579,2025-07-18 21:23:30,muestra_traducciones_10000.csv,10000,9787,96000000,16.86,0.28,2.71,2.73,0.16,12938,95996394,97.9,,2775663,9787,indice
1752867370.631457,2025-07-18 21:36:10,muestra_traducciones_10000.csv,10000,9808,96000000,16.83,0.28,2.98,2.54,0.16,3505,95998636,98.1,,2785450,9808,indice
1752868143.558415,2025-07-18 21:49:03,muestra_traducciones_10000.csv,10000,9789,96000000,17.11,0.29,2.91,2.75,0.16,5290,95980586,97.9,,2795258,9789,indice
1752868914.30255,2025-07-18 22:01:54,muestra_traducciones_10000.csv,10000,9811,96000000,17.18,0.29,2.36,2.6,0.53,17829,95962646,98.1,,2805047,9811,indice
1752869683.602607,2025-07-18 22:14:43,muestra_traducciones_10000.csv,10000,9804,96000000,17.05,0.28,2.46,2.61,0.16,1235,95992540,98.0,,2814858,9804,indice
1752870460.737527,2025-07-18 22:27:40,muestra_traducciones_10000.csv,10000,9807,96000000,16.72,0.28,2.32,2.6,0.15,10064,95987390,98.1,,2824662,9807,indice
1752871243.911439,2025-07-18 22:40:43,muestra_traducciones_10000.csv,10000,9805,96000000,17.27,0.29,2.89,2.55,0.16,2790,95996176,98.0,,2834469,9805,indice
1752872024.448574,2025-07-18 22:53:44,muestra_traducciones_10000.csv,10000,9818,96000000,20.04,0.33,3.77,4.07,0.18,2690,95940468,98.2,,2844274,9818,indice
1752872826.669977,2025-07-18 23:07:06,muestra_traducciones_10000.csv,10000,9799,96000000,21.79,0.36,4.28,5.36,0.52,11915,95996414,98.0,,2854092,9799,indice
1752873623.827265,2025-07-18 23:20:23,muestra_traducciones_10000.csv,10000,9809,96000000,21.48,0.36,5.02,4.49,0.19,30800,95987718,98.1,,2863891,9809,indice
1752874434.166402,2025-07-18 23:33:54,muestra_traducciones_10000.csv,10000,9787,96000000,21.98,0.37,4.98,4.69,0.56,1781,95998507,97.9,,2873700,9787,indice
1752875227.545658,2025-07-18 23:47:07,muestra_traducciones_10000.csv,10000,9823,96000000,16.99,0.28,2.56,2.51,0.13,4211,95991056,98.2,,2883487,9823,indice
1752876033.621785,2025-07-19 00:00:33,muestra_traducciones_10000.csv,10000,9785,96000000,17.14,0.29,2.42,2.68,0.14,105,95975905,97.9,,2893310,9785,indice
1752876837.44961,2025-07-19 00:13:57,muestra_traducciones_10000.csv,10000,9792,96000000,19.19,0.32,4.41,2.55,0.5,2388,95991260,97.9,,2903095,9792,indice
1752877647.144389,2025-07-19 00:27:27,muestra_traducciones_10000.csv,10000,9800,96000000,19.79,0.33,4.35,3.52,0.14,9724,95991292,98.0,,2912887,9800,indice
1752878463.090549,2025-07-19 00:41:03,muestra_traducciones_10000.csv,10000,9808,96000000,17.81,0.3,2.44,2.97,0.51,785,95984362,98.1,,2922687,9808,indice
1752879271.971569,2025-07-19 00:54:31,muestra_traducciones_10000.csv,10000,9801,96000000,18.88,0.31,3.42,3.33,0.16,5839,95978907,98.0,,2932495,9801,indice
1752880089.344196,2025-07-19 01:08:09,muestra_traducciones_10000.csv,10000,9823,96000000,16.51,0.28,2.08,2.31,0.15,2809,95996456,98.2,,2942296,9823,indice
1752880906.280367,2025-07-19 01:21:46,muestra_traducciones_10000.csv,10000,9782,96000000,18.27,0.3,2.31,3.79,0.15,13971,95998870,97.8,,2952119,9782,indice
1752881733.754817,2025-07-19 01:35:33,muestra_traducciones_10000.csv,10000,9805,96000000,19.86,0.33,5.59,2.22,0.13,23636,95983280,98.0,,2961901,9805,indice
1752882557.464008,2025-07-19 01:49:17,muestra_traducciones_10000.csv,10000,9794,96000000,17.85,0.3,2.6,2.58,0.56,4862,95999962,97.9,,2971706,9794,indice
1752883403.787075,2025-07-19 02:03:23,muestra_traducciones_10000.csv,10000,9835,96000000,18.86,0.31,2.04,4.36,0.15,673,95980006,98.4,,2981500,9835,indice
1752884261.588206,2025-07-19 02:17:41,muestra_traducciones_10000.csv,10000,9802,96000000,16.57,0.28,2.0,2.3,0.14,2049,95996928,98.0,,2991335,9802,indice
1752885098.719398,2025-07-19 02:31:38,muestra_traducciones_10000.csv,10000,9818,96000000,20.68,0.34,4.74,3.6,0.14,19848,95999331,98.2,,3001137,9818,indice
1752885940.011635,2025-07-19 02:45:40,muestra_traducciones_10000.csv,10000,9808,96000000,20.0,0.33,4.4,3.24,0.14,1318,95990099,98.1,,3010955,9808,indice
1752886783.131153,2025-07-19 02:59:43,muestra_traducciones_10000.csv,10000,9821,96000000,18.82,0.31,4.22,1.82,0.59,30762,95993153,98.2,,3020763,9821,indice
1752887632.291311,2025-07-19 03:13:52,muestra_traducciones_10000.csv,10000,9826,96000000,16.87,0.28,2.05,2.35,0.16,17078,95998921,98.3,,3030584,9826,indice
1752888496.925753,2025-07-19 03:28:16,muestra_traducciones_10000.csv,10000,9790,96000000,19.16,0.32,4.51,2.26,0.15,1037,95995443,97.9,,3040410,9790,indice
1752889347.984807,2025-07-19 03:42:27,muestra_traducciones_10000.csv,10000,9828,96000000,17.05,0.28,2.42,2.04,0.15,13229,95978141,98.3,,3050200,9828,indice
1752890211.262947,2025-07-19 03:56:51,muestra_traducciones_10000.csv,10000,9808,96000000,19.22,0.32,4.12,2.35,0.12,1658,95994029,98.1,,3060028,9808,indice
1752891076.90168,2025-07-19 04:11:16,muestra_traducciones_10000.csv,10000,9792,96000000,21.81,0.36,4.25,4.39,0.5,8773,95990078,97.9,,3069836,9792,indice
1752891940.313754,2025-07-19 04:25:40,muestra_traducciones_10000.csv,10000,9799,96000000,19.01,0.32,1.93,3.74,0.15,390,95994484,98.0,,3079628,9799,indice
1752892810.685488,2025-07-19 04:40:10,muestra_traducciones_10000.csv,10000,9799,96000000,18.53,0.31,2.09,2.58,0.53,5111,95988424,98.0,,3089427,9799,indice
1752893677.924848,2025-07-19 04:54:37,muestra_traducciones_10000.csv,10000,9793,96000000,17.09,0.28,1.98,2.11,0.13,15220,95951213,97.9,,3099226,9793,indice
1752894553.910219,2025-07-19 05:09:13,muestra_traducciones_10000.csv,10000,9787,96000000,17.39,0.29,2.15,2.18,0.14,4470,95976924,97.9,,3109019,9787,indice
1752895432.215766,2025-07-19 05:23:52,muestra_traducciones_10000.csv,10000,9805,96000000,20.56,0.34,2.25,4.63,0.55,27794,95995002,98.0,,3118806,9805,indice
1752896316.675892,2025-07-19 05:38:36,muestra_traducciones_10000.csv,10000,9826,96000000,17.82,0.3,3.01,1.88,0.16,15027,95988203,98.3,,3128611,9826,indice
1752897201.520693,2025-07-19 05:53:21,muestra_traducciones_10000.csv,10000,9809,96000000,19.9,0.33,3.81,2.83,0.56,9387,95997242,98.1,,3138437,9809,indice
1752898116.140019,2025-07-19 06:08:36,muestra_traducciones_10000.csv,10000,9809,96000000,21.95,0.37,4.14,4.5,0.16,171,95987277,98.1,,3148246,9809,indice
1752899004.537036,2025-07-19 06:23:24,muestra_traducciones_10000.csv,10000,9792,96000000,17.38,0.29,2.05,2.11,0.15,38576,95999370,97.9,,3158055,9792,indice
1752899897.404466,2025-07-19 06:38:17,muestra_traducciones_10000.csv,10000,9801,96000000,18.58,0.31,3.13,2.26,0.17,21839,95994141,98.0,,3167847,9801,indice
1752900796.703124,2025-07-19 06:53:16,muestra_traducciones_10000.csv,10000,9805,96000000,21.6,0.36,4.07,4.19,0.13,1831,95996968,98.0,,3177648,9805,indice
1752901700.411135,2025-07-19 07:08:20,muestra_traducciones_10000.csv,10000,9792,96000000,21.62,0.36,4.52,3.36,0.54,1715,95988850,97.9,,3187453,9792,indice
1752902603.607141,2025-07-19 07:23:23,muestra_traducciones_10000.csv,10000,9771,96000000,19.4,0.32,4.13,2.06,0.16,25723,95996796,97.7,,3197245,9771,indice
1752903507.793822,2025-07-19 07:38:27,muestra_traducciones_10000.csv,10000,9772,96000000,17.69,0.29,2.32,2.04,0.17,9208,95994641,97.7,,3207016,9772,indice
1752904421.336422,2025-07-19 07:53:41,muestra_traducciones_10000.csv,10000,9788,96000000,18.49,0.31,2.25,2.67,0.16,4327,95998718,97.9,,3216788,9788,indice
1752905360.161478,2025-07-19 08:09:20,muestra_traducciones_10000.csv,10000,9798,96000000,20.19,0.34,1.88,4.48,0.16,16216,95999139,98.0,,3226576,9798,indice
1752906292.05824,2025-07-19 08:24:52,muestra_traducciones_10000.csv,10000,9804,96000000,19.65,0.33,1.85,3.8,0.55,10642,95997870,98.0,,3236374,9804,indice
1752907223.755636,2025-07-19 08:40:23,muestra_traducciones_10000.csv,10000,9823,96000000,19.32,0.32,1.9,3.43,0.15,9262,95999721,98.2,,3246178,9823,indice
1752908157.606866,2025-07-19 08:55:57,muestra_traducciones_10000.csv,10000,9780,96000000,19.65,0.33,1.93,3.83,0.15,851,95997322,97.8,,3256001,9780,indice
1752909080.325766,2025-07-19 09:11:20,muestra_traducciones_10000.csv,10000,9815,96000000,17.77,0.3,2.27,1.87,0.13,781,95994457,98.2,,3265781,9815,indice
1752910011.960679,2025-07-19 09:26:51,muestra_traducciones_10000.csv,10000,9816,96000000,16.95,0.28,1.8,1.93,0.15,58911,95970465,98.2,,3275596,9816,indice
1752910958.339062,2025-07-19 09:42:38,muestra_traducciones_10000.csv,10000,9796,96000000,19.92,0.33,2.07,3.51,0.57,4921,95993687,98.0,,3285412,9796,indice
1752911904.318978,2025-07-19 09:58:24,muestra_traducciones_10000.csv,10000,9800,96000000,19.52,0.33,3.49,2.55,0.15,1016,95981685,98.0,,3295208,9800,indice
1752912847.89153,2025-07-19 10:14:07,muestra_traducciones_10000.csv,10000,9826,96000000,18.28,0.3,2.08,2.04,0.61,4231,95998162,98.3,,3305008,9826,indice
1752913805.143418,2025-07-19 10:30:05,muestra_traducciones_10000.csv,10000,9810,96000000,17.21,0.29,1.77,1.75,0.17,6509,95987481,98.1,,3314834,9810,indice
1752914764.022338,2025-07-19 10:46:04,muestra_traducciones_10000.csv,10000,9816,96000000,20.9,0.35,3.8,3.07,0.17,5622,95993927,98.2,,3324644,9816,indice
1752915725.613592,2025-07-19 11:02:05,muestra_traducciones_10000.csv,10000,9798,96000000,22.02,0.37,3.41,4.09,0.59,16476,95996595,98.0,,3334460,9798,indice
1752916371.873828,2025-07-19 11:12:51,muestra_traducciones_10000.csv,10000,9797,96000000,18.49,0.31,2.01,2.28,0.2,1653,95993326,98.0,,3344258,9797,indice
1752916821.000195,2025-07-19 11:20:21,muestra_traducciones_10000.csv,10000,9803,96000000,18.06,0.3,1.94,1.92,0.59,4292,95999945,98.0,,3354055,9803,indice
1752917273.772824,2025-07-19 11:27:53,muestra_traducciones_10000.csv,10000,9816,96000000,18.0,0.3,2.24,2.08,0.16,3882,95997958,98.2,,3363858,9816,indice
1752917739.454957,2025-07-19 11:35:39,muestra_traducciones_10000.csv,10000,9792,96000000,21.12,0.35,4.15,3.12,0.17,41917,95999228,97.9,,3373674,9792,indice
1752918199.179506,2025-07-19 11:43:19,muestra_traducciones_10000.csv,10000,9801,96000000,18.28,0.3,2.44,2.23,0.14,2256,95992248,98.0,,3383466,9801,indice
1752918666.529652,2025-07-19 11:51:06,muestra_traducciones_10000.csv,10000,9810,96000000,19.45,0.32,2.21,3.46,0.15,3924,95999850,98.1,,3393267,9810,indice
1752919161.940257,2025-07-19 11:59:21,muestra_traducciones_10000.csv,10000,9789,96000000,24.64,0.41,7.21,2.74,0.51,1509,95996376,97.9,,3403077,9789,indice
1752919625.131485,2025-07-19 12:07:05,muestra_traducciones_10000.csv,10000,9836,96000000,17.71,0.3,1.65,1.87,0.14,5064,95996469,98.4,,3412866,9836,indice
1752920096.410627,2025-07-19 12:14:56,muestra_traducciones_10000.csv,10000,9813,96000000,20.76,0.35,3.77,2.71,0.13,1818,95993970,98.1,,3422702,9813,indice
1752920575.698677,2025-07-19 12:22:55,muestra_traducciones_10000.csv,10000,9799,96000000,22.71,0.38,3.78,4.44,0.16,1034,95996272,98.0,,3432515,9799,indice
1752921049.866739,2025-07-19 12:30:49,muestra_traducciones_10000.csv,10000,9807,96000000,21.73,0.36,2.85,3.98,0.15,4934,95995035,98.1,,3442314,9807,indice
1752921538.910887,2025-07-19 12:38:58,muestra_traducciones_10000.csv,10000,9824,96000000,22.81,0.38,3.83,4.1,0.59,13933,95995569,98.2,,3452121,9824,indice
1752922023.698751,2025-07-19 12:47:03,muestra_traducciones_10000.csv,10000,9811,96000000,20.29,0.34,3.72,2.59,0.12,10638,95982537,98.1,,3461945,9811,indice
1752922512.294504,2025-07-19 12:55:12,muestra_traducciones_10000.csv,10000,9817,96000000,17.79,0.3,2.05,2.01,0.15,12858,95999126,98.2,,3471756,9817,indice
1752923008.142041,2025-07-19 13:03:28,muestra_traducciones_10000.csv,10000,9833,96000000,22.31,0.37,3.78,4.08,0.16,8001,95999840,98.3,,3481573,9833,indice
1752923518.165594,2025-07-19 13:11:58,muestra_traducciones_10000.csv,10000,9800,96000000,20.31,0.34,1.88,3.95,0.15,15217,95999960,98.0,,3491406,9800,indice
1752924021.970758,2025-07-19 13:20:21,muestra_traducciones_10000.csv,10000,9782,96000000,17.99,0.3,1.64,1.65,0.64,28694,95999483,97.8,,3501206,9782,indice
1752924524.498504,2025-07-19 13:28:44,muestra_traducciones_10000.csv,10000,9790,96000000,19.11,0.32,3.17,1.62,0.16,876,95992582,97.9,,3510988,9790,indice
1752925036.537451,2025-07-19 13:37:16,muestra_traducciones_10000.csv,10000,9813,96000000,22.51,0.38,4.63,2.95,0.59,27362,95999840,98.1,,3520778,9813,indice
1752925549.128798,2025-07-19 13:45:49,muestra_traducciones_10000.csv,10000,9792,96000000,20.34,0.34,3.48,2.37,0.15,1619,95995347,97.9,,3530591,9792,indice
1752926067.316301,2025-07-19 13:54:27,muestra_traducciones_10000.csv,10000,9812,96000000,18.19,0.3,1.82,1.81,0.16,567,95998310,98.1,,3540383,9812,indice
1752926581.913636,2025-07-19 14:03:01,muestra_traducciones_10000.csv,10000,9807,96000000,18.66,0.31,1.68,1.94,0.62,9587,95993698,98.1,,3550195,9807,indice
1752927115.393758,2025-07-19 14:11:55,muestra_traducciones_10000.csv,10000,9778,96000000,21.87,0.36,3.46,3.76,0.16,22465,95993592,97.8,,3560002,9778,indice
1752927635.920813,2025-07-19 14:20:35,muestra_traducciones_10000.csv,10000,9810,96000000,19.22,0.32,2.29,1.93,0.61,18252,95994892,98.1,,3569780,9810,indice
1752928170.109727,2025-07-19 14:29:30,muestra_traducciones_10000.csv,10000,9801,96000000,21.85,0.36,3.48,3.75,0.16,15864,95996025,98.0,,3579590,9801,indice
1752928706.004493,2025-07-19 14:38:26,muestra_traducciones_10000.csv,10000,9806,96000000,21.9,0.36,3.4,3.46,0.15,41229,95989881,98.1,,3589391,9806,indice
1752929236.05389,2025-07-19 14:47:16,muestra_traducciones_10000.csv,10000,9833,96000000,18.69,0.31,1.67,2.2,0.14,6151,95996776,98.3,,3599197,9833,indice
1752929774.71146,2025-07-19 14:56:14,muestra_traducciones_10000.csv,10000,9821,96000000,18.44,0.31,1.8,1.91,0.16,12896,95997209,98.2,,3609030,9821,indice
1752930317.924757,2025-07-19 15:05:17,muestra_traducciones_10000.csv,10000,9799,96000000,18.87,0.31,1.87,1.94,0.57,3043,95987913,98.0,,3618851,9799,indice
1752930870.159972,2025-07-19 15:14:30,muestra_traducciones_10000.csv,10000,9807,96000000,19.29,0.32,1.52,2.9,0.16,2119,95988994,98.1,,3628650,9807,indice
1752931425.619367,2025-07-19 15:23:45,muestra_traducciones_10000.csv,10000,9794,96000000,20.67,0.34,3.36,2.42,0.14,19700,95967168,97.9,,3638457,9794,indice
1752931972.009097,2025-07-19 15:32:52,muestra_traducciones_10000.csv,10000,9797,96000000,18.64,0.31,1.69,2.23,0.13,4960,95996055,98.0,,3648251,9797,indice
1752932527.716007,2025-07-19 15:42:07,muestra_traducciones_10000.csv,10000,9814,96000000,19.57,0.33,1.77,2.63,0.16,35824,95978445,98.1,,3658048,9814,indice
1752933093.25658,2025-07-19 15:51:33,muestra_traducciones_10000.csv,10000,9814,96000000,19.12,0.32,1.93,2.04,0.61,8881,95996297,98.1,,3667862,9814,indice
1752933667.07222,2025-07-19 16:01:07,muestra_traducciones_10000.csv,10000,9816,96000000,19.32,0.32,2.03,2.24,0.17,7181,95990397,98.2,,3677676,9816,indice
1752934230.804219,2025-07-19 16:10:30,muestra_traducciones_10000.csv,10000,9791,96000000,19.77,0.33,2.96,2.11,0.15,21521,95987997,97.9,,3687492,9791,indice
1752934803.088289,2025-07-19 16:20:03,muestra_traducciones_10000.csv,10000,9809,96000000,21.37,0.36,3.75,2.42,0.12,2759,95999759,98.1,,3697283,9809,indice
1752935389.603941,2025-07-19 16:29:49,muestra_traducciones_10000.csv,10000,9812,96000000,18.69,0.31,1.78,1.54,0.15,6431,95996117,98.1,,3707092,9812,indice
1752935983.590687,2025-07-19 16:39:43,muestra_traducciones_10000.csv,10000,9778,96000000,20.06,0.33,1.8,1.7,0.6,5813,95996710,97.8,,3716904,9778,indice
1752936582.662627,2025-07-19 16:49:42,muestra_traducciones_10000.csv,10000,9787,96000000,25.88,0.43,3.29,3.4,0.17,212,95996413,97.9,,3726682,9787,indice
1752937175.528348,2025-07-19 16:59:35,muestra_traducciones_10000.csv,10000,9808,96000000,22.79,0.38,3.34,3.42,0.61,4550,95981184,98.1,,3736469,9808,indice
1752937777.342959,2025-07-19 17:09:37,muestra_traducciones_10000.csv,10000,9801,96000000,22.83,0.38,3.34,3.57,0.15,7801,95998114,98.0,,3746277,9801,indice
1752938379.688979,2025-07-19 17:19:39,muestra_traducciones_10000.csv,10000,9811,96000000,19.49,0.32,1.73,1.98,0.16,9282,95996264,98.1,,3756078,9811,indice
1752938995.483571,2025-07-19 17:29:55,muestra_traducciones_10000.csv,10000,9831,96000000,24.7,0.41,3.3,3.69,0.65,5162,95994715,98.3,,3765889,9831,indice
1752939616.188802,2025-07-19 17:40:16,muestra_traducciones_10000.csv,10000,9800,96000000,22.68,0.38,3.27,3.6,0.15,2404,95996136,98.0,,3775720,9800,indice
1752940222.164649,2025-07-19 17:50:22,muestra_traducciones_10000.csv,10000,9808,96000000,22.35,0.37,2.86,3.06,0.64,8789,95987324,98.1,,3785520,9808,indice
1752940860.706085,2025-07-19 18:01:00,muestra_traducciones_10000.csv,10000,9803,96000000,19.93,0.33,1.91,1.84,0.15,2310,95996720,98.0,,3795328,9803,indice
1752941478.836311,2025-07-19 18:11:18,muestra_traducciones_10000.csv,10000,9807,96000000,23.92,0.4,3.22,3.58,0.18,8901,95988896,98.1,,3805131,9807,indice
1752942106.323585,2025-07-19 18:21:46,muestra_traducciones_10000.csv,10000,9796,96000000,23.27,0.39,3.37,4.01,0.15,3759,95995535,98.0,,3814938,9796,indice
1752942725.260654,2025-07-19 18:32:05,muestra_traducciones_10000.csv,10000,9823,96000000,23.25,0.39,3.39,3.59,0.16,7350,95998442,98.2,,3824734,9823,indice
1752943366.634558,2025-07-19 18:42:46,muestra_traducciones_10000.csv,10000,9796,96000000,22.6,0.38,3.39,3.54,0.58,4353,95957577,98.0,,3834557,9796,indice
1752944001.542978,2025-07-19 18:53:21,muestra_traducciones_10000.csv,10000,9810,96000000,23.26,0.39,3.33,3.55,0.16,9126,95992541,98.1,,3844353,9810,indice
1752944641.080954,2025-07-19 19:04:01,muestra_traducciones_10000.csv,10000,9803,96000000,23.28,0.39,3.19,3.63,0.17,5316,95995846,98.0,,3854163,9803,indice
1752945271.061426,2025-07-19 19:14:31,muestra_traducciones_10000.csv,10000,9790,96000000,20.89,0.35,3.18,2.41,0.11,2452,95960064,97.9,,3863966,9790,indice
1752945909.797279,2025-07-19 19:25:09,muestra_traducciones_10000.csv,10000,9815,96000000,23.53,0.39,3.39,3.49,0.17,558,95990729,98.2,,3873756,9815,indice
